function,Mhash_s,ns_per_hash,checksum_hex,loops,N,width,depth
Tornado32_D2,106.242646,9.412435,0x0,1000,500000,32768,3
Tornado32_D3,90.423131,11.059117,0x0,1000,500000,32768,3
RapidHash32,112.882392,8.858778,0x0,1000,500000,32768,3
MS,129.403231,7.727782,0x0,1000,500000,32768,3
SimpleTab32,119.740849,8.351369,0x0,1000,500000,32768,3
Tornado32_D4,81.779897,12.227944,0x0,1000,500000,32768,3
Tornado32_D1,115.138250,8.685211,0x0,1000,500000,32768,3
